{
  "serviceUrl": "http://b4.example.com:60900",
  "auth": {
    "facebook": {
      "appID": "<your App ID>",
      "appSecret": "<your App Secret>"
    },
    "twitter": {
      "consumerKey": "<your Consumer Key>",
      "consumerSecret": "<your Consumer Secret>"
    },
    "google": {
      "clientID": "<your Client ID>",
      "clientSecret": "<your Client Secret>"
    }
  },
  "es": {
    "host": "localhost",
    "port": 9200,
    "books_index": "books",
    "bundles_index": "b4"
  },
  "redis": {
    "host": "localhost",
    "port": 6379,
    "secret": "unguessable"
  }
}
